{
  "0.8": {
    "successes": 7.656799152121099,
    "failures": 1
  },
  "0.65": {
    "successes": 5.618066694250937,
    "failures": 1
  },
  "0.5": {
    "successes": 1.6309297535714575,
    "failures": 1
  },
  "0.4": {
    "successes": 11.726036698306102,
    "failures": 1
  }
}